<?xml version="1.0" encoding="UTF-8" ?>
<!DOCTYPE mapper
        PUBLIC "-//mybatis.org//DTD Mapper 3.0//EN"
        "http://mybatis.org/dtd/mybatis-3-mapper.dtd">
<mapper namespace="com.mulaobao.administration.dao.MenuDao">

    <resultMap id="Menu" type="com.mulaobao.administration.entity.Menu">
        <result property="mid" column="mid" jdbcType="INTEGER"/>
        <result property="url" column="url" jdbcType="VARCHAR"/>
        <result property="path" column="path" jdbcType="VARCHAR"/>
        <result property="component" column="component" jdbcType="VARCHAR"/>
        <result property="name" column="name" jdbcType="VARCHAR"/>
        <result property="iconCls" column="iconCls" jdbcType="VARCHAR"/>
        <result property="keepalive" column="keepalive" jdbcType="VARCHAR"/>
        <result property="requireauth" column="requireauth" jdbcType="VARCHAR"/>
        <result property="parentid" column="parentid" jdbcType="INTEGER"/>
        <result property="enabled" column="enabled" jdbcType="VARCHAR"/>
    </resultMap>

    <resultMap id="Menus" type="com.mulaobao.administration.entity.Menu" extends="Menu">
        <collection property="children" ofType="com.mulaobao.administration.entity.Menu">
            <id property="mid" column="mid2" />
            <result property="url" column="url2" />
            <result property="path" column="path2" />
            <result property="component" column="component2" />
            <result property="name" column="name2" />
            <result property="iconCls" column="iconCls2" />
            <result property="keepalive" column="keepalive2" />
            <result property="requireauth" column="requireauth2" />
            <result property="parentid" column="parentid2" />
            <result property="enabled" column="enabled2" />
        </collection>
    </resultMap>
    <select id="getMenusByAdminId" resultMap="Menus">
        SELECT DISTINCT
        m1.*,
        m2.mid AS id2,
        m2.component AS component2,
        m2.enabled AS enabled2,
        m2.iconCls AS iconCls2,
        m2.keepAlive AS keepAlive2,
        m2.name AS name2,
        m2.parentId AS parentId2,
        m2.requireAuth AS requireAuth2,
        m2.path AS path2
        FROM
        menu m1,
        menu m2,
        userd_menu ar
        WHERE
        m1.mid = m2.parentId
        AND m2.mid = ar.menu_id
        AND ar.userd_id = #{id}
        ORDER BY
        m1.mid,
        m2.mid
    </select>

</mapper>